Metric,Value
RMSE,2.06116819242054
MAE,1.533905463124441
R²,0.12456891926347124
